{"cameraMode":{"drawMode":0,"name":"Shaded","section":"Shading Mode"},"sceneLighting":true,"audioPlay":false,"sceneViewState":{"showFog":true,"showMaterialUpdate":false,"showSkybox":true,"showFlares":true,"showImageEffects":true,"showParticleSystems":true},"in2DMode":false,"pivot":{"x":-134.40505981445313,"y":1.0773224830627442,"z":32.20378494262695},"rotation":{"x":0.015614554286003113,"y":-0.6433220505714417,"z":0.013121912255883217,"w":0.7653302550315857},"size":81.3349838256836,"orthographic":false}