{"cameraMode":{"drawMode":0,"name":"Shaded","section":"Shading Mode"},"sceneLighting":true,"audioPlay":false,"sceneViewState":{"showFog":true,"showMaterialUpdate":false,"showSkybox":true,"showFlares":true,"showImageEffects":true,"showParticleSystems":true},"in2DMode":false,"pivot":{"x":-0.8705835342407227,"y":-5.2185564041137699,"z":-29.97431182861328},"rotation":{"x":-0.002274289494380355,"y":0.9962191581726074,"z":-0.08237507194280625,"w":-0.02750442549586296},"size":27.948904037475587,"orthographic":false}