{"cameraMode":{"drawMode":0,"name":"Shaded","section":"Shading Mode"},"sceneLighting":true,"audioPlay":false,"sceneViewState":{"showFog":true,"showMaterialUpdate":false,"showSkybox":true,"showFlares":true,"showImageEffects":true,"showParticleSystems":true},"in2DMode":false,"pivot":{"x":-43.81612777709961,"y":8.221357345581055,"z":-22.5272274017334},"rotation":{"x":0.002999778836965561,"y":0.011999658308923245,"z":-0.000035999080864712596,"w":0.9999234676361084},"size":77.52946472167969,"orthographic":true}